epoch,train_loss,val_loss,val_psnr
0,0.015125951557247727,0.012800609692931175,18.94269686193889
1,0.012628367705339635,,
2,0.01254081984774934,0.011228359304368496,19.578387103241386
3,0.012131930604853012,,
4,0.012268996625034898,0.01196390762925148,19.25199977762302
5,0.012193122188802119,,
6,0.011792079545557499,0.012378092855215073,19.138355330351278
7,0.011948303319513798,,
8,0.011926010630472942,0.011504088528454304,19.43912944091371
9,0.0118990792306485,,
10,0.011730007999749095,0.010740618221461773,19.805210288323885
11,0.011811775500299755,,
12,0.011929603224551236,0.01033950224518776,20.061446141306664
13,0.011795329895836336,,
14,0.01185029210453784,0.010912829078733921,19.646521086097955
15,0.012139313543836275,,
16,0.011568344853542469,0.011256257072091103,19.525937008914386
17,0.01162310261969213,,
18,0.01174442152734156,0.010618527419865131,19.79168265267934
19,0.01153921460111936,,
20,0.011492349448855277,0.010772187262773514,19.726047936406584
21,0.011462011581493748,,
22,0.011707582166073498,0.010379895567893982,20.033860551066585
23,0.011747973867588572,,
24,0.011694872510378007,0.010566430166363716,19.814079639727467
25,0.011746728965253741,,
26,0.011789031602718212,0.011383803561329842,19.49966543059832
27,0.011419761374040886,,
28,0.011542117826778579,0.010991954244673252,19.63577582735403
29,0.011643047651482953,,
30,0.011526048666349164,0.011162546463310719,19.64251877644949
31,0.011843175765264917,,
32,0.011617893904999451,0.012426276691257954,19.242345840435778
33,0.011635210503030706,,
34,0.011666663198007477,0.010380775667726994,19.94819828001981
35,0.011306673840240197,,
36,0.011573961142588544,0.011104595847427845,19.55018878713607
37,0.011323020086382274,,
38,0.01122779461244742,0.01134390290826559,19.495203308755467
39,0.011703599485810156,,
40,0.011640760064538982,0.010900961235165596,19.676225608637097
41,0.011360772954369033,,
42,0.011708998121321201,0.01115778274834156,19.551359503161255
43,0.011492297415518098,,
44,0.011824058748229786,0.010905197821557522,19.6583474306586
45,0.01153849210176203,,
46,0.011482291923904861,0.010364146903157234,19.90243166240444
47,0.01107045335488187,,
48,0.011283088199518345,0.010594066232442856,19.818247106770528
49,0.011297358889822607,,
50,0.01147432328650245,0.010805458761751652,19.66600967076493
51,0.011196329361862607,,
52,0.011470355800594445,0.010953708551824093,19.613824613099403
53,0.011178860785784546,,
54,0.011205191603275362,0.010385286994278431,19.88506160213404
55,0.011335499757141978,,
56,0.011266556809897776,0.011341328732669353,19.512687295396503
57,0.011147380772012251,,
58,0.01112532436295792,0.01086762547492981,19.702026267274764
59,0.011488058259365734,,
60,0.011250019970315474,0.010257188230752945,20.015127595237722
61,0.011375598092046049,,
62,0.011251449360753651,0.010833017528057098,19.65555345970806
63,0.011262139339965803,,
64,0.01094236243861141,0.010006032884120941,20.139542911511253
65,0.011403706028229661,,
66,0.011556841536528535,0.01057934109121561,19.81456958691634
67,0.011196631489804498,,
68,0.011549440074574065,0.010254817083477974,19.94570261018132
69,0.011312785023754393,,
70,0.011239411274868029,0.009958946146070957,20.15317388160813
71,0.011205904668679944,,
72,0.011297040274021801,0.010985076427459717,19.64226100491429
73,0.01103897375503072,,
74,0.011373787428493853,0.010398024693131447,19.85927733232201
75,0.0110270281287807,,
76,0.011242286509109868,0.01003535557538271,20.07686853740862
77,0.011211279296764621,,
78,0.011355545268290572,0.010854870080947876,19.66237566330559
79,0.011478312003115812,,
80,0.011297349714570575,0.010385005734860897,19.852718203943017
81,0.011391276424681698,,
82,0.011092303113804923,0.010032732039690018,20.132121188970924
83,0.010866789543932234,,
84,0.011144023492104478,0.010778823867440224,19.675173188866907
85,0.010852528184100433,,
86,0.011475092489962225,0.009940946474671364,20.222249549803823
87,0.011287214441431893,,
88,0.011002243048063031,0.010734716430306435,19.69572159347024
89,0.011228511903297019,,
90,0.011224970721674186,0.010229506529867649,19.960419448937195
91,0.010988221020886191,,
92,0.011473770115386557,0.010955632664263248,19.68056287693426
93,0.011183187865686638,,
94,0.010995179518229432,0.012044464237987995,19.36923384587843
95,0.010997922504665676,,
96,0.010962713095876906,0.010081513784825802,20.03680697900687
97,0.011164239021363083,,
98,0.011265147977543098,0.010385403409600258,19.93877156208699
99,0.011101260919261861,,
100,0.011176252392707047,0.011262934654951096,19.536272490122776
101,0.01101678778865823,,
102,0.010934495539576919,0.010845356620848179,19.689037616802935
103,0.010933216678461543,,
104,0.011105999419534648,0.010120557621121407,19.999878766492152
105,0.010907501154751689,,
106,0.010993508277115998,0.010828157886862755,19.67076205967396
107,0.011104766727873572,,
108,0.010900511406362057,0.010869019664824009,19.720435508412145
109,0.01098018132702068,,
110,0.011301804575379248,0.010570984333753586,19.781286765041536
111,0.011223838906045313,,
112,0.01093508586011551,0.010732796043157578,19.75527820443544
113,0.011028008776958342,,
114,0.01116589587871675,0.009804815985262394,20.232880401446145
115,0.011049570688218982,,
116,0.010953247098735085,0.011213801801204681,19.686764587558926
117,0.011090791266825464,,
118,0.011007650634618822,0.011279415339231491,19.623614921689903
119,0.01114155248635345,,
120,0.011142489327876657,0.010473889298737049,19.85928829884891
121,0.011018628840921101,,
122,0.011150074018924325,0.010517146438360214,19.788341314710994
123,0.010961028919727714,,
124,0.011061034096335923,0.010106428526341915,20.083071471854844
125,0.01103613408351386,,
126,0.011116071914633116,0.00996482279151678,20.13638036451262
127,0.011187174047032991,,
128,0.01074801081860507,0.010124705731868744,19.99238150678952
129,0.011229185456479038,,
130,0.01104079117929494,0.010437419638037682,19.849830949896663
131,0.01098173608382543,,
132,0.011027760441518493,0.009770548902451992,20.251319986937823
133,0.010753750387165282,,
134,0.010873018988166694,0.010035925544798374,20.063841204727435
135,0.010956077801960486,,
136,0.010956438706704864,0.01055928599089384,19.7814659289243
137,0.011097703060066258,,
138,0.010724713163519348,0.009344601072371006,20.733827921027146
139,0.011098167272629562,,
140,0.01095293086298086,0.010880233719944954,19.67203218144447
141,0.011072563438641804,,
142,0.011168400929481894,0.010056115686893463,20.032269299969947
143,0.011198226448700384,,
144,0.010883437918016204,0.010475627146661282,19.8086091833661
145,0.011224205812646283,,
146,0.01094688278519445,0.010267402976751328,19.903626135492146
147,0.01127912269698249,,
148,0.010867132908768125,0.010695507749915123,19.753753613064127
149,0.011001436764167415,,
150,0.010996904275897477,0.010609894059598446,19.807044074422183
151,0.010893697557212026,,
152,0.010994901777141623,0.011021903716027737,19.618494972657473
153,0.010840913108377545,,
154,0.010884314258065488,0.010894613340497017,19.708358008131786
155,0.011142314998088059,,
156,0.010977035146896486,0.010432551614940166,19.869215093012308
157,0.010866433899435732,,
158,0.011000880868070655,0.010387098416686058,19.916078255993256
159,0.010814265899912075,,
160,0.010635188815218431,0.010225067846477032,19.939412329656186
161,0.010819031305059238,,
162,0.01106997546567409,0.009814668446779251,20.199132085402177
163,0.010952593706962135,,
164,0.010884291147468266,0.011425040662288666,19.530206637738445
165,0.01082504973574369,,
166,0.010974748474028375,0.01043902151286602,19.857116361834315
167,0.010880863328498823,,
168,0.011112969817110786,0.010901782661676407,19.675187222583055
169,0.010938673521633501,,
170,0.010890716721338255,0.010987442918121815,19.6425711383443
171,0.010822482924494479,,
172,0.010840120794320549,0.010317940264940262,19.92635083916824
173,0.01090169625563754,,
174,0.010953437226514021,0.010198387317359447,19.92871655431749
175,0.010950210745687838,,
176,0.010707664113767721,0.010880406945943832,19.793908892201515
177,0.010816597276263766,,
178,0.010654091524581114,0.010313382372260094,19.87227393145745
179,0.010830147226375562,,
180,0.011049526553876974,0.010810498148202896,19.75668403633999
181,0.010851025236425576,,
182,0.010946587900872584,0.010806268081068993,19.69355365980069
183,0.010869441760910882,,
184,0.010912862433879464,0.01006871648132801,20.033846691180717
185,0.010665792161253866,,
186,0.010852352698781976,0.010296878404915333,19.884996608423897
187,0.010943699317673842,,
188,0.011006318964064121,0.010345901362597942,19.92952028001744
189,0.010916461512722351,,
190,0.01084078086057195,0.009254214353859425,20.828665826958073
191,0.010829662369495188,,
192,0.010901611263829249,0.009843738749623299,20.189789558638704
193,0.010664673177180466,,
194,0.010825395894547304,0.01058553159236908,19.76907681583042
195,0.011050149418965535,,
196,0.010849697808562606,0.009832085110247135,20.17427215698955
197,0.010931791496221666,,
198,0.011017435368288446,0.009883536025881767,20.13448844877866
199,0.011097070933492095,,
200,0.010807766389377691,0.01152239553630352,19.520975459239057
201,0.0107127641396666,,
202,0.010641011168007497,0.009775908663868904,20.200311653396206
203,0.010751029959431401,,
204,0.010806091888635247,0.009868578054010868,20.1483927673949
205,0.01087087568723493,,
206,0.010814435642074656,0.010208705440163612,19.941727565125976
207,0.010758368867552943,,
208,0.0108707494067925,0.010094286873936653,19.99740472364725
209,0.010958975663891545,,
210,0.010909141300039159,0.00986152421683073,20.139317858649747
211,0.010964558804752651,,
212,0.010717682799117433,0.01032030489295721,19.872886954189347
213,0.010751516903164211,,
214,0.011035070030225648,0.0102559644728899,19.9568712802156
215,0.010813567218267255,,
216,0.010760375419286665,0.010350099764764309,19.87741514745943
217,0.010936823087158027,,
218,0.010740900032774166,0.011644108220934868,19.48633260519771
219,0.010456850062365885,,
220,0.010855933375380657,0.010239868424832821,19.940763739675845
221,0.01066102341024412,,
222,0.010987877500829872,0.010734268464148045,19.704807999546027
223,0.010774559324124345,,
224,0.010607460720671548,0.010690126568078995,19.750586348901738
225,0.01068764000579163,,
226,0.010764136651737822,0.009672188200056553,20.29259402010817
227,0.011013485715483074,,
228,0.010598471215753644,0.010578123852610588,19.774565412516925
229,0.010801437517835034,,
230,0.010821832654376825,0.010857130400836468,19.738413791976683
231,0.010772817112781384,,
232,0.010772601804799505,0.010788001120090485,19.733932586832054
233,0.010781666091470807,,
234,0.010603143764590775,0.010490205138921738,19.817205580713757
235,0.010639698813772865,,
236,0.01094627190657236,0.010668689385056496,19.757839324967964
237,0.010677711417277655,,
238,0.01096194258166684,0.009577561169862747,20.372300031462657
239,0.010889824238364343,,
240,0.010993630608060845,0.010678949765861034,19.731474839536723
241,0.01075204227257658,,
242,0.010987501074042585,0.012284264899790287,19.38816902498562
243,0.010618869542937589,,
244,0.010844776786311908,0.009976541623473167,20.06786336974205
245,0.010881570305813241,,
246,0.010606567927256779,0.010316703468561172,19.868929019114155
247,0.010896201521434166,,
248,0.01079120831909003,0.011584790423512459,19.52317732503166
249,0.010795377781269726,,
250,0.010949375677025981,0.010009215213358402,20.026920810603563
251,0.010910848259098,,
252,0.010522524550281189,0.010094263590872288,20.02376408517822
253,0.010784090220652244,,
254,0.010585410572174523,0.010294913314282894,19.918205992843454
255,0.010719077558153205,,
256,0.010596693769373276,0.010133150033652782,20.003258809920563
257,0.01061299260429762,,
258,0.010848920602627375,0.010104848071932793,19.99463391605059
259,0.010831194860791718,,
260,0.010880800619445465,0.009984065778553486,20.054701688866608
261,0.010426552345355352,,
262,0.011119816486758215,0.01005461998283863,20.026287213853855
263,0.010825839704247537,,
264,0.010830736650085007,0.010560957714915276,19.78232819270419
265,0.010836859785572247,,
266,0.010774215200433025,0.010890338569879532,19.696031488138168
267,0.010841009552004162,,
268,0.010899629374897038,0.01071169599890709,19.726069033648947
269,0.010865161298877664,,
270,0.010583852538494047,0.01043752208352089,19.82449334136622
271,0.010851036239829328,,
272,0.010836798663216608,0.009783986955881119,20.215506059506957
273,0.010742163906494776,,
274,0.010797701810521108,0.010182119905948639,19.960375782443712
275,0.010665731608039804,,
276,0.010837015782103495,0.010640548542141914,19.78954612399817
277,0.010759171684858975,,
278,0.010847410187125206,0.01017418410629034,19.946706433838695
279,0.010429061759539225,,
280,0.010701010762541383,0.009962900541722775,20.056772584828586
281,0.011009299955158322,,
282,0.01070455113356864,0.010716751217842102,19.739289549805562
283,0.01068658085057029,,
284,0.010799945677044216,0.011350308544933796,19.57597766134009
285,0.01056122472854676,,
286,0.010742049181350955,0.010716639459133148,19.730298223871472
287,0.010667663447006984,,
288,0.010625999351894413,0.009763158857822418,20.187042907344303
289,0.011008973198908346,,
290,0.01073806653558104,0.010844931937754154,19.69876290343158
291,0.01063749687401233,,
292,0.01078012575291925,0.01050269789993763,19.793617775255687
293,0.01053960962841908,,
294,0.0107945265179431,0.010042230598628521,19.999405765534178
295,0.010644563473761082,,
296,0.010809183224207826,0.011822654865682125,19.47033637212824
297,0.01081837736139143,,
298,0.01070489196313752,0.009911229833960533,20.115175427717745
299,0.010738940581817317,,
300,0.010514490116663553,0.01088712178170681,19.69810228294064
301,0.01069000639297344,,
302,0.010725611234428707,0.009857871569693089,20.110428924520964
303,0.0107823113600413,,
304,0.010575586722956764,0.010016276501119137,20.023970594436264
305,0.010476729384175053,,
306,0.010717144925837164,0.010414479300379753,19.880545623152976
307,0.01083073896114473,,
308,0.010549914281539343,0.009925546124577522,20.12577000851195
309,0.010726877971103898,,
310,0.010852463439934783,0.010097270831465721,19.975865982179222
311,0.010519819230669074,,
312,0.010723429145636383,0.009996257722377777,20.04231908554963
313,0.010619798364738623,,
314,0.010590437627225011,0.010028677992522717,20.03417931661036
315,0.010630383363200558,,
316,0.01057960312054665,0.009963957592844963,20.083817266004562
317,0.01070884442715733,,
318,0.010714742630996086,0.011580094695091248,19.54035998844822
319,0.010616789744408042,,
320,0.01072950305900088,0.010375435464084148,19.857718643737357
321,0.010686463124498172,,
322,0.010702326203937884,0.00951378419995308,20.380924908234526
323,0.010668299919753163,,
324,0.010692961151815124,0.01055076066404581,19.858755629114288
325,0.01060107552135984,,
326,0.010662235336861125,0.010170625522732735,19.943937389454483
327,0.010675751207465375,,
328,0.010698220382134119,0.009765902534127235,20.199673710739972
329,0.010853880257518203,,
330,0.010628575528109516,0.010707298293709755,19.727851470615025
331,0.010692346185721733,,
332,0.010378955380508193,0.010724364779889584,19.778791858789866
333,0.010713453145904673,,
334,0.010835681765995643,0.010217827744781971,19.96712133170893
335,0.010630163433099235,,
336,0.010419220680853835,0.01055835746228695,19.774688298775516
337,0.010645410045981407,,
338,0.01044503513171717,0.009414538741111755,20.51341917090653
339,0.010566641197160439,,
340,0.010623893735033495,0.009749894961714745,20.192466820538442
341,0.010470595055570206,,
342,0.01053585194879108,0.010799719952046871,19.717040597985843
343,0.010822480613434757,,
344,0.010932385783504557,0.010395219549536705,19.857242578345314
345,0.01065360258022944,,
346,0.010613319170833737,0.009980740025639534,20.043283330698145
347,0.010606556406451596,,
348,0.010507600243996692,0.01178190391510725,19.47095515580933
349,0.010693203312931237,,
350,0.010400464982484226,0.010682616382837296,19.7360688331295
351,0.010653894549856583,,
352,0.010805520056574433,0.010405409149825573,19.871675085051372
353,0.01056171746717559,,
354,0.010407786023009706,0.010408706963062286,19.85785633384399
355,0.01065810505921642,,
356,0.01052045208160524,0.010890427976846695,19.665000466706402
357,0.010615961212250922,,
358,0.010589243188776352,0.010206845588982105,19.964659361003964
359,0.010517631519447875,,
360,0.010885258757129864,0.011011986061930656,19.62996940570539
361,0.010708803707664763,,
362,0.010871744059302189,0.01001017540693283,20.028433277388647
363,0.010772075917985704,,
364,0.010570695399548169,0.009604808874428272,20.322093104710248
365,0.010590369054288775,,
366,0.01044641931851705,0.010234635323286057,19.91885588983493
367,0.010698259428695397,,
368,0.010583260355310308,0.011713463813066483,19.51189647253149
369,0.01060018922995638,,
370,0.010363795397872175,0.010894288308918476,19.66918228811107
371,0.010526881242791811,,
372,0.010486324904141602,0.009995313361287117,20.05209084620749
373,0.010502079846682373,,
374,0.010513756493175472,0.010593549348413944,19.773191246223117
375,0.010424849818702097,,
376,0.010747818207299267,0.009432138875126839,20.445012540073222
377,0.010910454758063511,,
378,0.010500827010858941,0.009652321226894855,20.284965236637703
379,0.010430900069574514,,
380,0.010760930487541136,0.010750848799943924,19.70738144093071
381,0.010443103758411275,,
382,0.01048382601045348,0.00976472720503807,20.171858479798576
383,0.010640993731579295,,
384,0.010594131218062507,0.00996856763958931,20.063924321148598
385,0.010659382989009222,,
386,0.010659849702346104,0.010851165279746056,19.71771546573657
387,0.010682088909325775,,
388,0.010394618846476078,0.010482401587069035,19.798901296783015
389,0.010566075125502216,,
390,0.010608066183825334,0.010347606614232063,19.861970936416885
391,0.010431055807405047,,
392,0.010635680829485258,0.010321428999304771,19.863168629032263
393,0.010781478033297591,,
394,0.010648876877018699,0.010756627656519413,19.716178205621887
395,0.010888384068729702,,
396,0.010555140363673369,0.010616605170071125,19.814158440288647
397,0.010784568265080452,,
398,0.010402853669667686,0.01053581852465868,19.833903161786736
399,0.010639726374022386,,
400,0.010427981787533671,0.010144764557480812,19.944097301489283
401,0.010429664687426001,,
402,0.010769824152467427,0.00995882973074913,20.04986075172582
403,0.010547160757360634,,
404,0.010551346189997814,0.01097369659692049,19.724098409074053
405,0.010576536223568299,,
406,0.010732463595491869,0.00970471277832985,20.209252691347217
407,0.010576824536892,,
408,0.010475992708018533,0.010325072333216667,19.894835255346937
409,0.010436929365689004,,
410,0.010703215513516355,0.01013381127268076,19.97982876158386
411,0.01071292934594331,,
412,0.010495853058441921,0.01003426592797041,20.009631930707428
413,0.010616077506845747,,
414,0.010522546160414262,0.00991198979318142,20.071192973817634
415,0.010481088077304539,,
416,0.01042527401888812,0.01046774722635746,19.85784255314173
417,0.010446314251533261,,
418,0.010550274065247289,0.010102073661983013,19.996210375626884
419,0.010335170318958935,,
420,0.010486320402749159,0.010603130795061588,19.76681596353412
421,0.010479376961787542,,
422,0.01057253474438632,0.009855463169515133,20.12081672844513
423,0.010668731191092067,,
424,0.010523516719264013,0.010484632104635239,19.834815214719242
425,0.010744772230585417,,
426,0.010785019870295568,0.01048901304602623,19.80917623513163
427,0.010403771539805111,,
428,0.010523261916306283,0.010163574479520321,19.994487902493308
429,0.010238528079180806,,
430,0.010548790813320212,0.010576804168522358,19.771372574824195
431,0.010470719663081345,,
432,0.010581862733319954,0.010965271852910519,19.666397625373932
433,0.010546303423190559,,
434,0.010777100282548755,0.010379621759057045,19.870970903008462
435,0.010889894932646442,,
436,0.01048020683918838,0.00992149394005537,20.101845419297227
437,0.010346970624393888,,
438,0.010578556089765496,0.009738240391016006,20.228931306035857
439,0.01059788584502207,,
440,0.010448926904549202,0.010528186336159706,19.800379352093277
441,0.010321296992953177,,
442,0.010520441078201489,0.011048170737922192,19.756447631292275
443,0.010487553146150377,,
444,0.010549886738536534,0.009691407904028893,20.272870518915504
445,0.010550618568366324,,
446,0.010551755144088357,0.010078695602715015,20.003310756620895
447,0.010604021725831208,,
448,0.010482506861013395,0.01033329963684082,19.8604898088772
449,0.010560214553994161,,
450,0.010568123069350366,0.011218623258173466,19.614756781488296
451,0.010480545668138398,,
452,0.010574251258124908,0.0106499707326293,19.766630987669714
453,0.010676366794440482,,
454,0.010376002501558375,0.00991896353662014,20.1143717441161
455,0.01047559192887059,,
456,0.010601528765012821,0.010643853805959225,19.743863512510266
457,0.010645447850779251,,
458,0.010589770006912726,0.010434341616928577,19.828816909415444
459,0.010354742425045482,,
460,0.010469033969221291,0.010232483968138695,19.905027463083087
461,0.010584784706157667,,
462,0.010467893357768102,0.010171988978981972,19.966264122422444
463,0.010281482228526363,,
464,0.010371157330357365,0.01058751717209816,19.769339648662534
465,0.010351791425987526,,
466,0.010356036118335195,0.010106932371854782,19.9755567135198
467,0.0106961939966789,,
468,0.010649007986541148,0.011069534346461296,19.627244415435467
469,0.010333646864940723,,
470,0.010330931904415289,0.010506413877010345,19.79129546740459
471,0.01046355261846825,,
472,0.010450150300231244,0.010345783084630966,19.873833917317743
473,0.010619789982835451,,
474,0.01043506694474706,0.009865550324320793,20.125660555794813
475,0.010517312144791638,,
476,0.0103524559073978,0.009993573650717735,20.057760508950444
477,0.01049496954375947,,
478,0.010552300899117082,0.010459241457283497,19.826124830871727
479,0.010513473785033933,,
480,0.010625538140259407,0.01028510183095932,19.938024547483824
481,0.010673345515021571,,
482,0.010333137310765407,0.010264238342642784,19.92404445287266
483,0.01056927842674432,,
484,0.0104568207429515,0.009989576414227486,20.049085233642646
485,0.010215832782840287,,
486,0.010465773650341563,0.00999575387686491,20.033661640631685
487,0.010585200903868233,,
488,0.010366254141209301,0.010808750987052917,19.70672477938292
489,0.010448090990798341,,
490,0.0103473169039245,0.009616699069738388,20.286583747555913
491,0.010493208412770872,,
492,0.010447217427470066,0.011350460350513458,19.565736997621293
493,0.0105160152953532,,
494,0.010596978529873822,0.010066505521535873,20.01454761088644
495,0.010528959092442636,,
496,0.010387899319606798,0.009986324235796928,20.02705283549334
497,0.010406653172577973,,
498,0.010294371353531326,0.010258398950099945,19.918732519702345
499,0.010593808825231261,,
500,0.010392807010147307,0.010601988062262535,19.79283521437587
501,0.010345193384974092,,
502,0.010760989074629766,0.010258456692099571,19.912786820157624
503,0.010585318285006064,,
504,0.010539092123508453,0.010324874892830849,19.94376914758703
505,0.010421337525325793,,
506,0.010474290491806136,0.01051163300871849,19.815762463805264
507,0.010723703006213461,,
508,0.010508197670181593,0.009915780276060104,20.09214590763132
509,0.010550606340445854,,
510,0.010552451255972739,0.00976199097931385,20.17769335309714
511,0.010407624283322581,,
512,0.010135878877783264,0.010401875711977482,19.83263969920083
513,0.010657782718125317,,
514,0.01032382360211125,0.010723497718572617,19.754121409325457
515,0.010244672186672688,,
516,0.010253445090105137,0.01146317645907402,19.54914823351312
517,0.010356430843886402,,
518,0.010519236947099367,0.009467391297221184,20.521878819280143
519,0.010446788950098885,,
520,0.010771329963096866,0.010827112942934036,19.722332629567582
521,0.010381668944049764,,
522,0.01053006943591215,0.010769671760499477,19.712366745514625
523,0.010457206655431676,,
524,0.010479888982243009,0.011147098615765572,19.66060138281994
525,0.010496409834121112,,
526,0.010279306486524918,0.010089768096804619,19.969166698072975
527,0.010487194931893437,,
528,0.010516221169382334,0.00960700586438179,20.28064565155025
529,0.010299408549649848,,
530,0.010391791299399402,0.009946223348379135,20.09445543537666
531,0.010634031146764755,,
532,0.010441241785883904,0.009565024636685848,20.306482860981088
533,0.010285364981326792,,
534,0.010305311806775906,0.010276627726852894,19.896601406440645
535,0.010246632499965254,,
536,0.010432913399266976,0.010500767268240452,19.80484475103142
537,0.010613771845345144,,
538,0.010428107809275389,0.010670825839042664,19.74945774142728
539,0.010461117158195487,,
540,0.010727218455738492,0.009834067896008492,20.134579868180055
541,0.010588819643965474,,
542,0.010529192923395722,0.009910563006997108,20.0688056808252
543,0.010398613702919748,,
544,0.010319623768467593,0.009944558143615723,20.04967820095657
545,0.010449761869730774,,
546,0.010383996319163728,0.011739915236830711,19.504110519000125
547,0.010399374248528923,,
548,0.010513398968787105,0.010213419795036316,19.912959323219123
549,0.0105176305881253,,
550,0.010094757536771122,0.010461794212460518,19.84988699955204
551,0.010391585097682697,,
552,0.0105823940873422,0.01035580225288868,19.8823530247569
553,0.010187664258949182,,
554,0.010560527512872661,0.011093346402049065,19.67126600259035
555,0.010399476245597557,,
556,0.010497731743035492,0.009803304448723793,20.13169362056319
557,0.010324992342955537,,
558,0.010476230143534916,0.009888594038784504,20.079042250465058
559,0.01033728623210832,,
560,0.01025307752812902,0.010698465630412102,19.756347327146422
561,0.010193947495685684,,
562,0.010489551074526928,0.010960779152810574,19.67650689036202
563,0.010571617115702894,,
564,0.01053919393086323,0.01007223129272461,19.98654678758712
565,0.01040611195343512,,
566,0.010218013146961177,0.010034795850515366,20.01056751058882
567,0.010799815360870626,,
568,0.010424111969769001,0.010769989341497421,19.75588234990386
569,0.010463831653059632,,
570,0.01054152763552136,0.010487901978194714,19.826741058055923
571,0.010513709720086169,,
572,0.01054139628454491,0.009725043550133705,20.209954137020233
573,0.010578273795545101,,
574,0.01055343857862883,0.010753218084573746,19.721696509243024
575,0.010408301510054755,,
576,0.010378252852846074,0.009859487414360046,20.123788194037257
577,0.01039200755595057,,
578,0.010512099635821802,0.010848297737538815,19.723372970413728
579,0.010779900338362765,,
580,0.010310249748053375,0.010051436722278595,19.99530530238834
581,0.01008525100985059,,
582,0.010431425645947456,0.010778695344924927,19.739354580032828
583,0.01034304147793187,,
584,0.010210659165211298,0.009616244584321976,20.316044001264952
585,0.010394991375505924,,
586,0.010420230510472148,0.010595789179205894,19.77956609829744
587,0.010245202488645359,,
588,0.010278107891618102,0.010351006872951984,19.860415042373415
589,0.010409122746851709,,
590,0.010285610936720061,0.011339161545038223,19.595597324392273
591,0.010326292641736843,,
592,0.010472135204407904,0.009722452610731125,20.23562558009829
593,0.010385414930405441,,
594,0.01064343253771464,0.01080385409295559,19.711120878883193
595,0.010506611869291024,,
596,0.010474728799804493,0.009726963005959988,20.173565945353406
597,0.010291488289281173,,
598,0.010537077586545988,0.009754246100783348,20.18192083217463
599,0.01058186152604995,,
600,0.010565035614288516,0.009792506694793701,20.22944115910491
601,0.010366539039683563,,
602,0.010093909740034077,0.010517718270421028,19.81183017240184
603,0.010353455078546648,,
604,0.010466222064914528,0.010372152552008629,19.899079413698075
605,0.010293874665404911,,
606,0.010390739111850658,0.010509423911571503,19.79311241558825
607,0.010456562904572045,,
608,0.01038319101833083,0.01002231240272522,20.007277809548558
609,0.010172137059271336,,
610,0.01050453545111749,0.01097648125141859,19.663882333577988
611,0.010424473046980522,,
612,0.01056848669907561,0.010160031728446484,19.956013276274835
613,0.010552958602568618,,
614,0.01029378518945089,0.009719065390527248,20.218969576116667
615,0.01027156305671842,,
616,0.010528600584991553,0.009752419777214527,20.15823371006772
617,0.01032041611701802,,
618,0.010364182189934783,0.009870151057839394,20.091357617803308
619,0.010297745224778299,,
620,0.010247282338915047,0.010421060025691986,19.84795916833778
621,0.01044266303587291,,
622,0.010440839747725814,0.010028425604104996,20.016088681520927
623,0.01023876310015718,,
624,0.01048356148034886,0.010544748045504093,19.795633682943983
625,0.0102516264413242,,
626,0.010390702428089248,0.010506084188818932,19.801778306662015
627,0.010422924774940367,,
628,0.010404606022078681,0.010364122688770294,19.885418991730827
629,0.010376234590593312,,
630,0.010675095470139274,0.010816681198775768,19.699341235508015
631,0.010586145437426038,,
632,0.010270110900617309,0.010935768485069275,19.66206456991111
633,0.010229850325871396,,
634,0.010405599070643937,0.010034861974418163,20.002323384680118
635,0.010389438571615351,,
636,0.01040699391591328,0.010750586166977882,19.746604807415412
637,0.010582747662232982,,
638,0.010428667775596734,0.010568611323833466,19.804679422075864
639,0.010249827781485187,,
640,0.010457928568400719,0.009485011920332909,20.352454138143838
641,0.010382607182556833,,
642,0.010340370858709017,0.010908915661275387,19.687720264382577
643,0.010293238606579878,,
644,0.01043607025510735,0.010828085243701935,19.70895967523934
645,0.010617017676984822,,
646,0.010205749543038782,0.010136786848306656,19.970454395709673
647,0.010468180325848085,,
648,0.010285694928218922,0.010832751169800758,19.692077324601687
649,0.01033918733743054,,
650,0.010435877885255549,0.010799067094922066,19.72963030817639
651,0.010202101828461443,,
652,0.010299459479197307,0.010209198109805584,20.00253953835142
653,0.01029197454314541,,
654,0.0102769463426537,0.00991894118487835,20.07124142338391
655,0.010300564096757659,,
656,0.010275368854679444,0.010429246351122856,19.884098161992622
657,0.010536516016280209,,
658,0.010472621872193284,0.011121288873255253,19.660800984378287
659,0.010214156264232265,,
660,0.010430434253066778,0.00993327610194683,20.15732091501973
661,0.010306491671750942,,
662,0.010196040074030558,0.009994423016905785,20.02447028117333
663,0.01049706329488092,,
664,0.010298000441657173,0.010577332228422165,19.79491272763019
665,0.010158692107156472,,
666,0.01016678109213158,0.010356157086789608,19.86844450014391
667,0.010239664913603553,,
668,0.010251060248938975,0.009656960144639015,20.22340257082584
669,0.010247428763519835,,
670,0.010529830637905333,0.009607035666704178,20.265553943032067
671,0.010157582660516104,,
672,0.010674925227821977,0.010246898978948593,19.89902376617132
673,0.010220688922951618,,
674,0.010359099238283105,0.009406767785549164,20.446615043839635
675,0.010161372919187502,,
676,0.010186711015800634,0.010000715963542461,20.021743623367584
677,0.01029201214098268,,
678,0.01074708011691217,0.010395742952823639,19.83684548423192
679,0.010552883234426932,,
680,0.010311033921661201,0.009653594344854355,20.239433431296565
681,0.010557791494109013,,
682,0.010322186492245507,0.009450552985072136,20.42600840706097
683,0.010399910621345043,,
684,0.01059662849055948,0.012311622500419617,19.469729767044612
685,0.010479935065463738,,
686,0.010189493497212728,0.009579610079526901,20.298023146045463
687,0.010360407263592438,,
688,0.01052265138261848,0.010495147667825222,19.84489936792365
689,0.010466352277607829,,
690,0.010314507823851373,0.009477365761995316,20.366335115709667
691,0.010344356091486083,,
692,0.010222422855871695,0.01002645492553711,20.004255407003377
693,0.010556727578794514,,
694,0.010258810870625355,0.010545749217271805,19.791035865336454
695,0.010164182805628688,,
696,0.010229169184135066,0.00989438034594059,20.17555239960558
697,0.010717835070358383,,
698,0.01038216520100832,0.010838709771633148,19.72399082036818
699,0.01039392882268186,,
700,0.010193935543712642,0.010455789044499397,19.815774908927285
701,0.010076526483451878,,
702,0.01035219994891021,0.009699344635009766,20.18853796306283
703,0.010014444606861583,,
704,0.01008092191208292,0.009960896335542202,20.0501542359077
705,0.010328700765967369,,
706,0.010515849588921777,0.009524766355752945,20.348659203196362
707,0.010421812568825704,,
708,0.01051285638715382,0.009641912765800953,20.226593351738497
709,0.010260324752717107,,
710,0.010237036893765131,0.010232752189040184,19.94456698635335
711,0.010381676135929647,,
712,0.010470238307283984,0.010563326068222523,19.813748735711464
713,0.010143100525493975,,
714,0.010289341004358398,0.009307632222771645,20.595520237447282
715,0.010220257824079858,,
716,0.010302871275969126,0.00992728304117918,20.05287592750005
717,0.010337719124638371,,
718,0.010236454920636283,0.009876342490315437,20.103728769235335
719,0.010288645323641874,,
720,0.0103410840448406,0.010874352417886257,19.75948119907827
721,0.010301673129476883,,
722,0.010262573189619515,0.009761365130543709,20.158526372176574
723,0.010622327612643992,,
724,0.010471982019091094,0.01040208712220192,19.858795715562266
725,0.010387115352959544,,
726,0.010432404155532518,0.01158294640481472,19.611672099921904
727,0.010213457548094017,,
728,0.010298370400926581,0.010042445734143257,19.99400185357349
729,0.010306191354714058,,
730,0.010423810014294254,0.009607210755348206,20.277034909554004
731,0.01029002707865503,,
732,0.010169205997415163,0.009888546541333199,20.07052148572674
733,0.01043711080112391,,
734,0.010350380041119125,0.00960230827331543,20.268985334248832
735,0.010215889110609336,,
736,0.010414751453532113,0.010123305954039097,19.954431964567
737,0.010162747741021492,,
738,0.010073681155012714,0.010265729390084743,19.90697676708755
739,0.01020906344745998,,
740,0.010234052746522206,0.010114362463355064,20.047013174577362
741,0.01029767004635047,,
742,0.010225772771432443,0.009810639545321465,20.1400942223265
743,0.01032192792950405,,
744,0.010370751325454976,0.010222407057881355,19.9229065939507
745,0.01009216921886912,,
746,0.010182962045763378,0.010630722157657146,19.773503203082775
747,0.010268126890339234,,
748,0.010331842134258262,0.009747542440891266,20.155729243551676
749,0.010289381913564823,,
750,0.01008953436933182,0.009991796687245369,20.047452248292316
751,0.010731500676936574,,
752,0.010333959047717077,0.009952552616596222,20.052279535126527
753,0.010165368034331887,,
754,0.010346071397954668,0.010291868820786476,19.91665867734328
755,0.0102967937235479,,
756,0.0102444128650758,0.009527528658509254,20.321813536819004
757,0.010404830401832307,,
758,0.010148413186134011,0.009754598140716553,20.18210542438406
759,0.01007998700219172,,
760,0.010187414078110898,0.009912542067468166,20.070121278878588
761,0.010431016381416056,,
762,0.010355209017655364,0.009566319175064564,20.370009664624682
763,0.010144552560868087,,
764,0.010294425922135511,0.010196234099566936,19.959438642423027
765,0.0102988390803889,,
766,0.010184901059363727,0.010258983820676804,19.904302619994837
767,0.010361249144706462,,
768,0.010248880971361089,0.00972074642777443,20.181577431074473
769,0.010241324116510374,,
770,0.010143707316644766,0.010503155179321766,19.87012143032891
771,0.01022088025800056,,
772,0.010334435850381851,0.011128786019980907,19.630664641386453
773,0.010177266059650315,,
774,0.01002989824930275,0.010489465668797493,19.809986178215762
775,0.010306538220632959,,
776,0.010356517646599698,0.011294625699520111,19.59659206974635
777,0.010189422268282485,,
778,0.010244956516005375,0.01028249692171812,19.985557103130844
779,0.010181440023222455,,
780,0.01025986512777982,0.010270407423377037,19.893463169229396
781,0.01026431874682506,,
782,0.010390596947184316,0.009682144969701767,20.20452538282167
783,0.01004923517919249,,
784,0.010248352790734282,0.009691976010799408,20.19478400319512
785,0.010293690453248995,,
786,0.010548390499833558,0.010948127135634422,19.703251530227167
787,0.010361471644568222,,
788,0.010274312251971828,0.010652088560163975,19.765299044527556
789,0.010204025095811597,,
790,0.01013113820442447,0.009766602888703346,20.220824420530946
791,0.010412293262089844,,
792,0.010135195131793066,0.010162517428398132,19.933338049416417
793,0.010253460594901332,,
794,0.010255647633500673,0.01001834962517023,20.077606139310085
795,0.010512934618250088,,
796,0.010254350766815521,0.010113667696714401,19.964201550995966
797,0.010378057585546264,,
798,0.010204474338226847,0.010699335485696793,19.74127483837304
799,0.010272260496599806,,
800,0.010475512835438605,0.010637985542416573,19.75424228220587
801,0.01018252115075787,,
802,0.010344972213109335,0.009644079953432083,20.22579317423628
803,0.010355431534763839,,
804,0.010237660517709123,0.009603689424693584,20.2703693600333
805,0.01011036191549566,,
806,0.010272200391800315,0.009638509713113308,20.22165214791388
807,0.010248877039110219,,
808,0.01037343036107443,0.010444892570376396,19.82231956132412
809,0.010156298677126566,,
810,0.01008201338764694,0.010626036673784256,19.817580791887078
811,0.010409777742569093,,
812,0.010307320169414635,0.010126147419214249,19.97262962176529
813,0.010371386797891723,,
814,0.010301644844865357,0.01095646433532238,19.662244198847908
815,0.010368616044245384,,
816,0.010311574088754478,0.01069747656583786,19.759213825658883
817,0.01019899907556397,,
818,0.010265824384987354,0.00956022460013628,20.325204511945138
819,0.010073119015605361,,
820,0.010172944015788811,0.00998964998871088,20.034027817362496
821,0.010219293163606414,,
822,0.010159681620145286,0.009296725504100323,20.50782671913085
823,0.010202336952918105,,
824,0.010308528939882914,0.00943074095994234,20.401355566157456
825,0.010214153435771112,,
826,0.010152278209312094,0.010926881805062294,19.67694324091093
827,0.01026355699394588,,
828,0.010432861400423226,0.01049211248755455,19.81593136190762
829,0.0105056787358114,,
830,0.010119037340498634,0.010398219339549541,19.858883243632228
831,0.009984161635791813,,
832,0.010364246658153005,0.010106168687343597,19.977192815877117
833,0.010139823511794762,,
834,0.010138668844269382,0.010237709619104862,19.925828368295427
835,0.010168980738079106,,
836,0.010117685560275006,0.009898552671074867,20.08499769137061
837,0.010341497000168872,,
838,0.010384573635679704,0.010756975039839745,19.751445162458726
839,0.010266114974877349,,
840,0.010141923661447234,0.009873975068330765,20.12669202755715
841,0.010131015683765765,,
842,0.010092206575252392,0.009216737002134323,20.599345225728428
843,0.010292861213976587,,
844,0.010381422885176208,0.010118148289620876,19.951748988019204
845,0.010248198449887612,,
846,0.010065111538602246,0.011660648509860039,19.542377102212825
847,0.010088502619139574,,
848,0.010190549617012342,0.011722715571522713,19.531275491568085
849,0.010093944354189767,,
850,0.010344514295596767,0.010590706020593643,19.778438249188877
851,0.010068433152304756,,
852,0.010074557012153996,0.010031158104538918,20.03862672725261
853,0.010177713836094848,,
854,0.010155394880308045,0.010122437961399555,19.964668625487413
855,0.010455262140129451,,
856,0.01000546424270228,0.010299979709088802,19.87408833307178
857,0.010130133686794175,,
858,0.010301931519751195,0.010358508676290512,19.85930279991148
859,0.01026409157310371,,
860,0.01032970800857853,0.009747786447405815,20.145735474692767
861,0.010147477896815096,,
862,0.00999348376084257,0.010512829758226871,19.822535986385386
863,0.010251977032533399,,
864,0.010212220320547069,0.00974371936172247,20.183248047264065
865,0.010224548823855541,,
866,0.010163573237756887,0.010360635817050934,19.852863994324668
867,0.01017322501650563,,
868,0.010238442225036797,0.009572128765285015,20.290271951990828
869,0.010159801846990982,,
870,0.010281026984254519,0.009589431807398796,20.282516452446263
871,0.010237926134356746,,
872,0.010265279457800917,0.00990454014390707,20.092758960777935
873,0.010459558589866868,,
874,0.010072193177485908,0.009807070717215538,20.177709031553807
875,0.010116098776321721,,
876,0.010291330654312062,0.01060471497476101,19.785810037241806
877,0.010500525210604624,,
878,0.010395342622090268,0.009625423699617386,20.233578892412666
879,0.01029487499208362,,
880,0.010142783962052178,0.009541552513837814,20.33175736041166
881,0.010186082924957629,,
882,0.010149274262841101,0.009624403901398182,20.280373838633345
883,0.010281727149116772,,
884,0.010544936483105024,0.010486867278814316,19.82586957493497
885,0.010343709149984297,,
886,0.010307642631232738,0.01099850982427597,19.657764506148013
887,0.010419331559980358,,
888,0.010049685939318605,0.010060909204185009,19.981838347430234
889,0.01024751246182455,,
890,0.010427645028189377,0.009664608165621758,20.20578828351165
891,0.010199016891419888,,
892,0.01013063732534647,0.010527554899454117,19.79172181345112
893,0.009964331346391528,,
894,0.010236244890148993,0.010127303190529346,19.972173018596628
895,0.010242814405096902,,
896,0.010333075153606909,0.010148948058485985,20.01133192432014
897,0.010010495402470784,,
898,0.010508239752164594,0.010122865438461304,19.961570840848708
899,0.010374569316843042,,
900,0.010265868088161503,0.011169450357556343,19.61984906235439
901,0.01011411692188294,,
902,0.010330612271058338,0.009908351115882397,20.1206066639856
903,0.010173836102088293,,
904,0.010240664429686687,0.010437809862196445,19.84033875284144
905,0.01022923699821587,,
906,0.01036294522108855,0.010508885607123375,19.820762385980593
907,0.010151496277777132,,
908,0.01032627837870408,0.011262237094342709,19.60141822392694
909,0.01059472436706225,,
910,0.010264590693016848,0.01031770184636116,19.86742945728611
911,0.009909146775801977,,
912,0.010157167790802541,0.009956449270248413,20.0315845271114
913,0.010219376292769556,,
914,0.0100919749001386,0.009923181496560574,20.081031874152465
915,0.010162382938519673,,
916,0.010181677458738839,0.009576831944286823,20.320623702609726
917,0.010162257623893244,,
918,0.010261633433401585,0.010605957359075546,19.76626075422424
919,0.010108443804913096,,
920,0.010050977097341308,0.01014578528702259,20.005941260255074
921,0.010116382433032547,,
922,0.010199101245099748,0.010165756568312645,19.98205872556192
923,0.010115742855877788,,
924,0.010308067521287335,0.010039100423455238,20.07318640671983
925,0.010053964676680389,,
926,0.010163914377766627,0.009997600689530373,20.023305084139277
927,0.010172716307419317,,
928,0.009946568575860173,0.009564380161464214,20.31427307125115
929,0.010036982958101563,,
930,0.010208590921980364,0.011489339172840118,19.564859404193005
931,0.010259157184649396,,
932,0.010101138752091813,0.010809365659952164,19.70452371887685
933,0.010121397777563997,,
934,0.010095393992270585,0.01014825701713562,19.976955561080775
935,0.010324324308722108,,
936,0.010229671684404215,0.010289838537573814,19.882806063328314
937,0.010164346287233962,,
938,0.010180400425775183,0.010663177818059921,19.746879052704998
939,0.01030336808482254,,
940,0.010122057429894252,0.010431664995849133,19.833486500133816
941,0.010333900909043021,,
942,0.010118155274540186,0.009526252746582031,20.32045355941522
943,0.01001441966811264,,
944,0.010095635135830552,0.010363676585257053,19.856504124736677
945,0.010031329174698502,,
946,0.0102879263771077,0.010309460572898388,19.91077323361535
947,0.010047270261027195,,
948,0.010196676270829307,0.009992523118853569,20.03746141763217
949,0.010199474584725168,,
950,0.009994643481655253,0.00986784603446722,20.136349089198134
951,0.010273753130739485,,
952,0.010103188248144256,0.00991666316986084,20.077458336622552
953,0.010245531280007627,,
954,0.010166067198884708,0.00932244025170803,20.521943083444775
955,0.010272602516191977,,
956,0.010234007370416765,0.009892738424241543,20.08001772448079
957,0.010372738474635062,,
958,0.01024150622456714,0.010879622772336006,19.70070567419757
959,0.010197893405954042,,
960,0.010243307661127162,0.00981655903160572,20.11253100638907
961,0.01041091354218898,,
962,0.010281610647561374,0.009777567349374294,20.17435694674732
963,0.010196475984735621,,
964,0.010198770056444185,0.010377122089266777,19.8782949700457
965,0.010353038829095938,,
966,0.01036526952628736,0.009929138235747814,20.093166365956925
967,0.010123206354263756,,
968,0.010093326680362225,0.011794131249189377,19.57590808176773
969,0.009995235889046281,,
970,0.010268034378963488,0.010198378004133701,19.915378618351397
971,0.0102094574658959,,
972,0.010209799847669072,0.009959857910871506,20.036090451867477
973,0.010151887140064328,,
974,0.010178790324264102,0.010805516503751278,19.75127618674493
975,0.010123858021365272,,
976,0.010246236222209755,0.011357912793755531,19.596834389448944
977,0.010207759423388375,,
978,0.010168658569455147,0.009921216405928135,20.08396431008981
979,0.010185834175596634,,
980,0.01014364997131957,0.010004633106291294,20.03461855187532
981,0.010285459062153543,,
982,0.01012134436448967,0.009716914035379887,20.197550357240246
983,0.010439734060869173,,
984,0.010160208972929805,0.009877745062112808,20.09371143466838
985,0.009837991351054775,,
986,0.010106770701154514,0.00959797203540802,20.30292178447148
987,0.01022982890545218,,
988,0.010195669148945145,0.010671772994101048,19.780964514896823
989,0.010022148610679087,,
990,0.010220831501539107,0.010064939968287945,20.00379481375923
991,0.010085266117972357,,
992,0.01001643787862526,0.009609740227460861,20.24824842236908
993,0.010186770930886269,,
994,0.010293612256646156,0.009754478000104427,20.200798221474635
995,0.010072118119785079,,
996,0.010077820142248162,0.01068798080086708,19.745968583099124
997,0.010222674106006269,,
998,0.010094161628297082,0.011028840206563473,19.672940747064423
999,0.010285262259896155,,
1000,0.01034188168813233,0.009922347962856293,20.08783797024462
1001,0.010114499385020247,,
1002,0.01013617031276226,0.00960351713001728,20.253741249418333
1003,0.010377938824671286,,
1004,0.010409480098772931,0.011004895903170109,19.72856550925323
1005,0.010266866517701635,,
1006,0.010219048570703578,0.009763965383172035,20.147153950656694
1007,0.010081901111536555,,
1008,0.009991420363938366,0.00969286821782589,20.20974205142481
1009,0.010123141541111248,,
1010,0.01050440580756576,0.009700683876872063,20.234266796941238
1011,0.010123316595261847,,
1012,0.010126085451769608,0.01110479049384594,19.657310618335778
1013,0.010309835516468243,,
1014,0.010090671979856712,0.010469835251569748,19.843253614137446
1015,0.010329815852283328,,
1016,0.01006178659628387,0.009460383094847202,20.399842199075543
1017,0.010095489297614054,,
1018,0.010131488174751953,0.010135853663086891,19.965352032186182
1019,0.010208880339093783,,
1020,0.010166109867255997,0.010703381150960922,19.755895102001986
1021,0.0102010076796567,,
1022,0.010198932796440742,0.009608537890017033,20.269663469841447
1023,0.010147800151672628,,
1024,0.010162233823427447,0.009869186207652092,20.105132896633123
1025,0.010053279068045042,,
1026,0.0100727669066853,0.010923059657216072,19.677389963459216
1027,0.010166494106804883,,
1028,0.010199780179256643,0.01018544938415289,19.92704027408854
1029,0.010253036049781021,,
1030,0.010163838975131512,0.010545250028371811,19.81910216154168
1031,0.010075712404041379,,
1032,0.010227171824900088,0.009789944626390934,20.138914129630024
1033,0.010268882624115105,,
1034,0.009962218399677012,0.010477890260517597,19.816139016836484
1035,0.010041475020073078,,
1036,0.010047850371510894,0.010568398982286453,19.778529366189286
1037,0.010148608505173965,,
1038,0.010090448652152662,0.00998537428677082,20.032252248108588
1039,0.010437536415540509,,
1040,0.010156540407074822,0.009379452094435692,20.43109653295592
1041,0.010335687582415563,,
1042,0.010258638713922765,0.010328265838325024,19.864744467964435
1043,0.01026509634943472,,
1044,0.010283332697495266,0.009952481836080551,20.04545261711346
1045,0.010091731221311621,,
1046,0.010283714763958144,0.010687039233744144,19.74279167721953
1047,0.009980074854360687,,
1048,0.009980803183107465,0.010177861899137497,20.00905540489951
1049,0.010265615906704354,,
1050,0.009855908738380229,0.009574185125529766,20.269472352777868
1051,0.01019169840340813,,
1052,0.010167624042541892,0.009846130385994911,20.090416446971183
1053,0.010208439047413843,,
1054,0.01012373725987143,0.00998064037412405,20.043955922016735
1055,0.01005982742127445,,
1056,0.010194000650059295,0.010004431009292603,20.013597260502973
1057,0.009968601650109998,,
1058,0.01022397036905642,0.01023624837398529,19.939772802961706
1059,0.010099282315759748,,
1060,0.009726875271924116,0.010657774284482002,19.751867453393594
1061,0.010286796527604261,,
1062,0.01082049298134667,0.010846649296581745,19.72777244606199
1063,0.010192858814089387,,
1064,0.010128660782895706,0.00998559407889843,20.033809532758593
1065,0.01023027614724857,,
1066,0.0099390116520226,0.009784063324332237,20.129188951969482
1067,0.010032850593604424,,
1068,0.01018808216408447,0.009473549202084541,20.365653378419157
1069,0.010055162598965344,,
1070,0.010021329322760855,0.009591407142579556,20.338738230306802
1071,0.010184639185253117,,
1072,0.010176566964084352,0.010360793210566044,19.9300564140706
1073,0.010112598003750597,,
1074,0.010161653092062031,0.010004824958741665,20.047748793904496
1075,0.010129659160695694,,
1076,0.010214868208600415,0.009411720559000969,20.411695965953275
1077,0.010012185373515994,,
1078,0.010057433266882543,0.010598599910736084,19.79196522971271
1079,0.010056691865126291,,
1080,0.009868542042871317,0.010159174911677837,19.938503088439873
1081,0.010021410020137275,,
1082,0.010209460915238769,0.011093446984887123,19.643552768467316
1083,0.010197509942507302,,
1084,0.01033992258210977,0.009699014946818352,20.245580081038415
1085,0.010103438842903685,,
1086,0.010040833752740312,0.010796817019581795,19.786575095858066
1087,0.009938423763270731,,
1088,0.010143509272623944,0.009724404662847519,20.187550036168393
1089,0.010191102012026089,,
1090,0.01007327580548547,0.009937589056789875,20.105247049749863
1091,0.01036530862458878,,
1092,0.010263191053160915,0.010208304040133953,19.95767281331468
1093,0.010244680482342287,,
1094,0.00992634206044453,0.010894112288951874,19.696493080684355
1095,0.010133149999159353,,
1096,0.01010417724373164,0.010024072602391243,20.007817569781434
1097,0.010165747720748186,,
1098,0.010231999369959036,0.009916453622281551,20.052674018572212
1099,0.010163242066348041,,
1100,0.010299668716335739,0.009389948099851608,20.412807344035464
1101,0.009847106015378679,,
1102,0.010071152355521917,0.011315369978547096,19.630161666724888
1103,0.010203655395242903,,
1104,0.010337431121755529,0.01026318222284317,19.892758903153364
1105,0.010087814889158364,,
1106,0.01022125264905669,0.011091998778283596,19.64425760028311
1107,0.010187253011045632,,
1108,0.010207682916963542,0.010057017207145691,19.979182233971088
1109,0.01031924918707874,,
1110,0.010138452432497783,0.009957284666597843,20.049168755350294
1111,0.010233809326395945,,
1112,0.010033228814050003,0.010315376333892345,19.869752274115704
1113,0.010201139530787865,,
1114,0.009976423931894478,0.009683498181402683,20.208467558332615
1115,0.010103979147970676,,
1116,0.010356755685751085,0.009869690984487534,20.08128750083326
1117,0.009913603568242656,,
1118,0.010143130293322934,0.01111359428614378,19.663138569238615
1119,0.01015362995504229,,
1120,0.009953945392259845,0.010079188272356987,19.988257240576207
1121,0.010093202417785371,,
1122,0.010377312717200429,0.009994499385356903,20.026765151303326
1123,0.009999600101124358,,
1124,0.009977238925380839,0.010731611400842667,19.756473127081517
1125,0.010185399851589292,,
1126,0.010200423102273985,0.009980112314224243,20.015448334639515
1127,0.0104092702579995,,
1128,0.00998650696473541,0.009680905379354954,20.229968112848404
1129,0.01009011218600251,,
1130,0.010299949734299272,0.009837057441473007,20.101051651979255
1131,0.009969457759763356,,
1132,0.010083203997325015,0.009765067137777805,20.202463435896114
1133,0.010288412924166079,,
1134,0.010088046288324727,0.010355867445468903,19.863801410110202
1135,0.009924763365200272,,
1136,0.009909564473976692,0.010078929364681244,19.984513624816138
1137,0.010079044641719924,,
1138,0.010003347725917896,0.009588070213794708,20.25213654521354
1139,0.009932051878422499,,
1140,0.009983985201904067,0.009687629528343678,20.195838263826754
1141,0.010128253312022597,,
1142,0.009991446492710599,0.009937763214111328,20.054286740495435
1143,0.009847246472620301,,
1144,0.010305907956703945,0.009791295975446701,20.160856911140815
1145,0.010090931922335315,,
1146,0.009909000368443903,0.010073864832520485,19.993620539289118
1147,0.010040550337483486,,
1148,0.010008489661332633,0.010267531499266624,19.952443892429613
1149,0.010033197873444468,,
1150,0.010060623253661173,0.009601306170225143,20.26030791299943
1151,0.010035604928378706,,
1152,0.010060356378003402,0.01071067526936531,19.746517928208526
1153,0.009956988816459974,,
1154,0.010138711616120956,0.010132040828466415,19.950843241272043
1155,0.010123668445481194,,
1156,0.010011360808103173,0.009422451257705688,20.37858682584304
1157,0.010111072600853664,,
1158,0.010229059857212834,0.009522532112896442,20.317879596418774
1159,0.009962516888562176,,
1160,0.010153074817800964,0.010471023619174957,19.81366796799699
1161,0.010299363242531265,,
1162,0.010226909899049334,0.010084643959999084,19.969194898560943
1163,0.010129463582955025,,
1164,0.01011611893773079,0.009813139215111732,20.12015767063048
1165,0.010148403062312692,,
1166,0.010112860395262638,0.010408769361674786,19.850889380620828
1167,0.01001796957657293,,
1168,0.01018756179621926,0.009690029546618462,20.18996010856704
1169,0.010128023137372953,,
1170,0.010197992764275384,0.010254683904349804,19.951189952105622
1171,0.010111094279973596,,
1172,0.010191878786793462,0.00972070824354887,20.244932553832506
1173,0.010182221506342844,,
1174,0.010029652552610194,0.009735018014907837,20.159019585513494
1175,0.010249566821450437,,
1176,0.010012531946240752,0.009991769678890705,20.020242405661783
1177,0.01005687656019021,,
1178,0.010142884268942807,0.00983834732323885,20.090714614648398
1179,0.010046351390580336,,
1180,0.010040314592145107,0.01000326406210661,20.02723523222684
1181,0.010098058488909845,,
1182,0.010206744643963046,0.010317048989236355,19.893060696622108
1183,0.01008536787358699,,
1184,0.010106704646238574,0.0098722567781806,20.078641271310516
1185,0.010057945270091295,,
1186,0.010001327325072553,0.011733473278582096,19.540642118154146
1187,0.010005548527395283,,
1188,0.010292956036412053,0.010001113638281822,20.037566193939977
1189,0.010155791485751117,,
1190,0.009974122064671031,0.009921140037477016,20.06527717244399
1191,0.010047152690175507,,
1192,0.010000507743960177,0.010283667594194412,19.885571318514835
1193,0.009956121979350294,,
1194,0.010034043566082363,0.010794571600854397,19.75528519642085
1195,0.010343358162100668,,
1196,0.010198416602280404,0.009826742112636566,20.103515320748187
1197,0.010081655190636715,,
1198,0.010138029508568623,0.009691838175058365,20.233969488848892
1199,0.01002065225124911,,
1200,0.009867473833124947,0.01013298612087965,19.954597706938543
1201,0.010047759653793441,,
1202,0.010033248578784642,0.01010833214968443,19.964527209644704
1203,0.010319561956243383,,
1204,0.0104190514733394,0.009906466118991375,20.061989465041552
1205,0.00998648525112205,,
1206,0.01014149144153904,0.01019752025604248,19.932334458347718
1207,0.009926750911054787,,
1208,0.01031220990612551,0.009356400929391384,20.435589689019572
1209,0.010049724002817163,,
1210,0.010181317519810464,0.0092264823615551,20.587412635728658
1211,0.010009380540362111,,
1212,0.009912201341379571,0.010751782916486263,19.748949037436745
1213,0.010164193636565297,,
1214,0.009876971443494162,0.009734789840877056,20.18926086384119
1215,0.010078171061144935,,
1216,0.0101704361193158,0.010289335623383522,19.90745400054366
1217,0.009968995858259775,,
1218,0.010150391470502925,0.009823966771364212,20.096694764380736
1219,0.010091232687786774,,
1220,0.01002905372944143,0.010090170428156853,20.011473746870916
1221,0.010066061280667782,,
1222,0.010117900419842315,0.011241049505770206,19.643088579263633
1223,0.010256691007978387,,
1224,0.009879402971516052,0.01039742212742567,19.844376738094525
1225,0.010086661170202273,,
1226,0.00994686992769992,0.009729638695716858,20.155015317451845
1227,0.010065289714408142,,
1228,0.010149357719691816,0.01016070507466793,19.94184519986173
1229,0.010239904953373803,,
1230,0.010020608910255961,0.010917523875832558,19.730441496658063
1231,0.010019833739433024,,
1232,0.009943662090571943,0.009841244667768478,20.104612352835893
1233,0.009982849195323608,,
1234,0.010118773638236302,0.010535040870308876,19.797207152979766
1235,0.0098257043260943,,
1236,0.009994358514194135,0.009890122339129448,20.102786175951096
1237,0.009835619168976942,,
1238,0.010213447251805553,0.010251783765852451,19.92565429812709
1239,0.010012315982883727,,
1240,0.010035593459313666,0.011214228346943855,19.631170074685855
1241,0.010035342088452092,,
1242,0.010084055795299786,0.010219034738838673,19.912358861929434
1243,0.010118555277585983,,
1244,0.009875942159582067,0.009988980367779732,20.009842995810516
1245,0.010068403712163368,,
1246,0.01007382273329077,0.009702569805085659,20.194757353977415
1247,0.010222982356531752,,
1248,0.009863105637055856,0.01083076000213623,19.75593259773625
1249,0.01002035155478451,,
1250,0.010176696538649223,0.010116287507116795,19.990868684349266
1251,0.009929153671557153,,
1252,0.01005900468401335,0.010355585254728794,19.883337769892137
1253,0.010474012767965044,,
1254,0.010047114350729518,0.009742344729602337,20.152160910148964
1255,0.009901079487193513,,
1256,0.010262381785583717,0.009690199047327042,20.201222726656408
1257,0.01004012104951673,,
1258,0.009989792170623938,0.01039828360080719,19.915304836883205
1259,0.009976482536229823,,
1260,0.00982635037076694,0.009592218324542046,20.258360697532733
1261,0.009928705205244047,,
1262,0.010012762120890396,0.009462937712669373,20.345685751065943
1263,0.010120260580960248,,
1264,0.01007419262357332,0.01015537977218628,19.935833758507492
1265,0.010113744444593235,,
1266,0.009817204783084217,0.009950628504157066,20.033270158395954
1267,0.010400524604375716,,
1268,0.010087542856733004,0.009691039100289345,20.222689497881763
1269,0.010173879563808441,,
1270,0.010203322757863335,0.010280552320182323,19.89625711290928
1271,0.010238054691365472,,
1272,0.009803131929840203,0.009618455544114113,20.26291219200391
1273,0.009885866971065601,,
1274,0.010048352682066185,0.009690912440419197,20.225912755159648
1275,0.010228984782265292,,
1276,0.009985328772691664,0.011088727042078972,19.645010430977813
1277,0.010135188112380329,,
1278,0.009898695836050643,0.009508278220891953,20.325741233083875
1279,0.01003380557867112,,
1280,0.009873770108377491,0.010128790512681007,19.95119131417318
1281,0.00994068891223934,,
1282,0.010066165519809281,0.010197176598012447,19.966072563480072
1283,0.010174036112234549,,
1284,0.009971594524190382,0.00989845022559166,20.070192400542673
1285,0.010167496209895169,,
1286,0.010182129771069245,0.01088583655655384,19.798053969992502
1287,0.009947701529772193,,
1288,0.009900443928523196,0.01012787502259016,19.969771220723512
1289,0.01016153995361593,,
1290,0.010270889538029829,0.010729348286986351,19.769030963759217
1291,0.010129418879471443,,
1292,0.009898414369672537,0.010511409491300583,19.8690417976469
1293,0.010219561660455333,,
1294,0.009746371130286544,0.009941204451024532,20.042801189690664
1295,0.010032261877010265,,
1296,0.010131329280772695,0.010041041299700737,20.017129059088404
1297,0.010165464133024216,,
1298,0.010262919244942841,0.010116074234247208,19.97755144340799
1299,0.00990742086260407,,
1300,0.010042717749321903,0.00956437736749649,20.300603463178145
1301,0.010069014746005888,,
1302,0.010052526990572611,0.009938068687915802,20.087011901379476
1303,0.010138549221058687,,
1304,0.010102742213617873,0.01017217617481947,19.96162116137766
1305,0.010117524389729456,,
1306,0.009905687498825567,0.00956466980278492,20.31018248551877
1307,0.00988661078736186,,
1308,0.00994717888534069,0.009628918021917343,20.219270459556157
1309,0.010073903982562048,,
1310,0.009936565895461373,0.010573158040642738,19.887790514642397
1311,0.01004459257065146,,
1312,0.00988125123290552,0.009533831849694252,20.344456875514744
1313,0.009940616355312092,,
1314,0.009846930547306934,0.010319736786186695,19.88175190190347
1315,0.010264878523432545,,
1316,0.010210869454399304,0.011471370235085487,19.580414030527955
1317,0.009817031781292625,,
1318,0.010091109528999638,0.009767647832632065,20.21323182236599
1319,0.009791881742852705,,
1320,0.010020761750638485,0.010311780497431755,19.906920487808755
1321,0.010196442543356507,,
1322,0.010174548460377587,0.009312544018030167,20.521161429524543
1323,0.010004155544771088,,
1324,0.010211514757463225,0.009331958368420601,20.464100202751055
1325,0.010078464238042081,,
1326,0.010017624900986751,0.010989099740982056,19.682069022811426
1327,0.010140945048381885,,
1328,0.009930072697224441,0.010132897645235062,20.015431745059004
1329,0.010240770600460193,,
1330,0.010280168891229012,0.011053824797272682,19.66339740829568
1331,0.010013448695341745,,
1332,0.00998539274075517,0.00966278649866581,20.223419547329247
1333,0.010012211347067798,,
1334,0.010207747592142335,0.010220425203442574,19.91073075047607
1335,0.010273800317749934,,
1336,0.010063971496290632,0.009816896170377731,20.1345078409501
1337,0.010182683701040569,,
1338,0.009992194689672303,0.01049873698502779,19.809944172154292
1339,0.010058071705754157,,
1340,0.010107769596355932,0.010353509336709976,19.866034530331426
1341,0.010072895705148025,,
1342,0.00999778328049514,0.009925562888383865,20.073718669065762
1343,0.010148487036564836,,
1344,0.010127845358241487,0.00975251104682684,20.163747587002746
1345,0.010097450214541621,,
1346,0.01005756178939784,0.010846588760614395,19.796502682680668
1347,0.009899678346873433,,
1348,0.009988415779338943,0.011288340203464031,19.607481727304286
1349,0.01010936440003139,,
1350,0.010080345043981517,0.010874886065721512,19.707340660694417
1351,0.010190891412397226,,
1352,0.0100861724673046,0.010465621016919613,19.823872562913763
1353,0.0100202653384595,,
1354,0.010074222011974564,0.010063900612294674,19.98587746627492
1355,0.010185948193625168,,
1356,0.010088329203426838,0.010140908882021904,19.93940099436035
1357,0.010062663746928727,,
1358,0.010076673908366097,0.010156624019145966,19.933549804576515
1359,0.010078648812378998,,
1360,0.010069049325668149,0.01084952987730503,19.704885752718454
1361,0.009961395593429054,,
1362,0.009953928559466644,0.009885765612125397,20.07388443752263
1363,0.009905408033066325,,
1364,0.009923701381517781,0.00967075303196907,20.216881123725326
1365,0.010083329311951442,,
1366,0.010045541657341851,0.011301880702376366,19.651435693884228
1367,0.009963386260938865,,
1368,0.009836642933940445,0.010128414258360863,19.947833017197553
1369,0.010113710347838976,,
1370,0.01012840115085796,0.01039891317486763,19.889320064434465
1371,0.010155789761079682,,
1372,0.009934509138542193,0.010536318644881248,19.824399080795313
1373,0.010097686977436146,,
1374,0.010036095528414956,0.010750101879239082,19.733494230525622
1375,0.010117792800344803,,
1376,0.009777164517867344,0.00979408249258995,20.11285939667903
1377,0.010100461318399067,,
1378,0.009870978641427226,0.01053980365395546,19.810295980315786
1379,0.01023186556994915,,
1380,0.00993601129286819,0.010640174150466919,19.828625016378314
1381,0.010053606876344592,,
1382,0.010221893036807025,0.010272713378071785,19.88798544291791
1383,0.010103892776425238,,
1384,0.010306384035006718,0.009986414574086666,20.029810063906687
1385,0.010074650299631886,,
1386,0.009937142159927774,0.010389359667897224,19.892730051021122
1387,0.010059948320742007,,
1388,0.009944548623429405,0.009582429192960262,20.257525237080856
1389,0.009892165143456724,,
1390,0.010025185343154051,0.011010446585714817,19.714356732708247
1391,0.01002968107867572,,
1392,0.010005388270925593,0.01108973566442728,19.661699493242097
1393,0.010440959491663508,,
1394,0.010140888151471262,0.010216452181339264,19.919087226672346
1395,0.009975977897368095,,
1396,0.010210719132037074,0.010265826247632504,19.93135310975235
1397,0.010001602548140066,,
1398,0.009968285362615629,0.009871527552604675,20.07966407940096
1399,0.009906572169037882,,
1400,0.009938584036987138,0.010679541155695915,19.799310729114183
1401,0.00979568936896545,,
1402,0.009906896390020847,0.009225176647305489,20.57427356981158
1403,0.01018165007095646,,
1404,0.01014628620059402,0.009738519787788391,20.144369561309276
1405,0.010128726337656931,,
1406,0.010057397790391135,0.00964852049946785,20.232857458715955
1407,0.00997314705616898,,
1408,0.009986414418866238,0.01011630892753601,19.952738900729052
1409,0.010209777444187138,,
1410,0.010313768008792842,0.009924695827066898,20.082364248679358
1411,0.0097623853944242,,
1412,0.00998877815005404,0.010839064605534077,19.732653415454223
1413,0.010001665498647425,,
1414,0.010016548964712355,0.009996248409152031,20.024271716797685
1415,0.010045591327879164,,
1416,0.010019935564034514,0.009622011333703995,20.257198459555415
1417,0.009927793302469783,,
1418,0.009898125469960549,0.010676496662199497,19.790700861409306
1419,0.009984042081567977,,
1420,0.010239263979235181,0.01008843444287777,19.973554714638023
1421,0.00985797049684657,,
1422,0.009906689170747995,0.00947668869048357,20.39965260025637
1423,0.010144430178183096,,
1424,0.010048247735809398,0.01046185102313757,19.821199135791275
1425,0.009913980581418232,,
1426,0.00995756939260496,0.009846869856119156,20.092237679613078
1427,0.009781555307132227,,
1428,0.009955593574516199,0.011351071298122406,19.62084671930336
1429,0.010003462382074859,,
1430,0.009961734646586356,0.009999925270676613,20.056107015750776
1431,0.010227237931556173,,
1432,0.010103176451391645,0.009924449026584625,20.05695780185041
1433,0.010088240865755964,,
1434,0.00993615526843954,0.009809790179133415,20.137577117095304
1435,0.010107004118186456,,
1436,0.010023467104744029,0.010515710338950157,19.807519451627464
1437,0.0100033745445587,,
1438,0.00999175886520081,0.010395096614956856,19.90918340018063
1439,0.009810332398585699,,
1440,0.0097715447794784,0.00986701063811779,20.094595890993578
1441,0.010085612897657685,,
1442,0.01004301497919692,0.009773807600140572,20.170544789911265
1443,0.009812704115002244,,
1444,0.010101651186468425,0.00961065199226141,20.232369983449907
1445,0.010034624211214207,,
1446,0.009827789988506723,0.009862427599728107,20.078152138847244
1447,0.010041771629066379,,
1448,0.010174846569835036,0.00976057630032301,20.138956697998175
1449,0.010032271759377586,,
1450,0.01008331135812181,0.009672262705862522,20.204417814402156
1451,0.010011673232333528,,
1452,0.010086923630701171,0.00954654160887003,20.275618422435922
1453,0.009890859463700542,,
1454,0.010114851821627881,0.010325729846954346,19.86827164746632
1455,0.010154042117021702,,
1456,0.010151628542829442,0.010972373187541962,19.681574513131572
1457,0.009986705922832092,,
1458,0.009977685804996226,0.009794418700039387,20.138241105266104
1459,0.010062066786405113,,
1460,0.010111490799183095,0.009960537776350975,20.042432244880025
1461,0.010120104705155999,,
1462,0.009871300810051185,0.010249882005155087,19.90599697511519
1463,0.009986501118099247,,
1464,0.010043588777383169,0.010864556767046452,19.709246331679452
1465,0.01018020327858351,,
1466,0.00997778490461685,0.009601873345673084,20.265290730258684
1467,0.010039285428960014,,
1468,0.009933685814892804,0.010537641122937202,19.805133349742785
1469,0.010072506032884121,,
1470,0.010027902252558205,0.010076605714857578,19.96871123448559
1471,0.010175838738817859,,
1472,0.010117488430330047,0.00983360130339861,20.12021497257499
1473,0.009948730141062427,,
1474,0.009954961930850038,0.010978268459439278,19.720793250989097
1475,0.009769637551572587,,
1476,0.009734076585758615,0.010458683595061302,19.852856596466697
1477,0.010031013163151565,,
1478,0.009985220152884722,0.01005619578063488,20.055593650773705
1479,0.009979478376745074,,
1480,0.009986476248337163,0.009937061928212643,20.111704917801667
1481,0.00992773180068643,,
1482,0.009919512344317304,0.009449543431401253,20.387980023555293
1483,0.009957622357264714,,
1484,0.010288109761421327,0.01003866083920002,19.985706545942907
1485,0.009828321273542114,,
1486,0.010075102560222149,0.010222496464848518,19.917715178861812
1487,0.010101769240228113,,
1488,0.009876059023318466,0.010288613848388195,19.88818603328531
1489,0.009811150048066068,,
1490,0.010012726230477845,0.009540518745779991,20.278814692820607
1491,0.009960363791496665,,
1492,0.01005079295417225,0.00993918627500534,20.03927658427815
1493,0.009751928383829418,,
1494,0.009884952084609756,0.010005200281739235,20.005677782934654
1495,0.010080165781632618,,
1496,0.010251756102122643,0.012213584035634995,19.499362419894496
1497,0.010075096713585986,,
1498,0.009964368116386511,0.009694373235106468,20.206299928723194
1499,0.010073692072182894,,
1500,0.00999113286121024,0.010057380422949791,20.03783261512349
1501,0.00981613634913056,,
1502,0.009936199333794691,0.009934037923812866,20.040915527870943
1503,0.010263778200304066,,
1504,0.009707558744897446,0.00988099817186594,20.075632104427385
1505,0.009840272953388867,,
1506,0.00992803765391862,0.010494166985154152,19.847359078043937
1507,0.009938611286795802,,
1508,0.009890329213468012,0.010991336777806282,19.687103231011427
1509,0.009756040742137918,,
1510,0.009935457069702723,0.00923103280365467,20.58896251073221
1511,0.009952557963077669,,
1512,0.010061901286934261,0.011008257046341896,19.68199647045248
1513,0.00975314360456886,,
1514,0.010013220711024824,0.009905331768095493,20.085004697124422
1515,0.010064950695744267,,
1516,0.009989574862023195,0.009751982986927032,20.205840335076932
1517,0.009950608653188855,,
1518,0.010067716896258018,0.009621750563383102,20.24884890955078
1519,0.00988574450214704,,
1520,0.00983317906933802,0.01042285468429327,19.83235999723869
1521,0.010239635352735166,,
1522,0.009880644079573729,0.010217440314590931,19.911967382266038
1523,0.009813562173534322,,
1524,0.009936080176245284,0.010796450078487396,19.733393701241475
1525,0.010009878659965816,,
1526,0.009889217904182497,0.009745723567903042,20.15546647945345
1527,0.009822008717391226,,
1528,0.009953849948942661,0.010846951976418495,19.746822800554394
1529,0.009809672522048155,,
1530,0.00988053444221064,0.011012155562639236,19.686291326769567
1531,0.010075081984891935,,
1532,0.010184686148056277,0.00942066591233015,20.36676261474029
1533,0.00997181197076484,,
1534,0.009999148616636241,0.011003676801919937,19.696954700377983
1535,0.009881343658047693,,
1536,0.010049466457631853,0.010759017430245876,19.74324900247657
1537,0.009907460288593063,,
1538,0.010120315580732293,0.009878474287688732,20.14133845884256
1539,0.009843950159847736,,
1540,0.009705838022960557,0.011115608736872673,19.713054012428536
1541,0.009899273445760762,,
1542,0.009976773402067247,0.01116239931434393,19.637160909117625
1543,0.010130527308555666,,
1544,0.01010469757710342,0.009824695065617561,20.138281941851105
1545,0.009840629925882374,,
1546,0.009979255256001596,0.011776711791753769,19.613698029591895
1547,0.010120102618303563,,
1548,0.009603579942550924,0.01026985328644514,19.889503732946295
1549,0.009969037371101204,,
1550,0.009992854842157275,0.010150439105927944,19.95610876109588
1551,0.010054110583883745,,
1552,0.010078233425264005,0.009640058502554893,20.215722004506013
1553,0.010152845108812605,,
1554,0.009868702506301579,0.009905975311994553,20.05955943599722
1555,0.01003312166021378,,
1556,0.009873794098557145,0.010187583044171333,19.961399930014743
1557,0.009945175886430123,,
1558,0.00977318306212072,0.009288698434829712,20.506102381108953
1559,0.009957170510595595,,
1560,0.009814006448895842,0.011017344892024994,19.711604374980904
1561,0.010001453588268271,,
1562,0.009824234267903699,0.011303190141916275,19.64937850206714
1563,0.009772048176576694,,
1564,0.009927322536155029,0.011169573292136192,19.648313785559615
1565,0.010052491979742492,,
1566,0.009929368789825175,0.00981510616838932,20.10190368059644
1567,0.009976052472160922,,
1568,0.010077496404173198,0.010651187971234322,19.805083277509492
1569,0.009798681122009401,,
1570,0.010099544051896643,0.010957079008221626,19.694457945568818
1571,0.00998192465070773,,
1572,0.010187284210351881,0.00951314251869917,20.306526068750017
1573,0.00994057613597424,,
1574,0.009926885452673392,0.00961507111787796,20.287334996458345
1575,0.010226904863008746,,
1576,0.010131010026843459,0.010220012627542019,19.92272219721853
1577,0.009853514221807321,,
1578,0.010151382604682888,0.010032465681433678,19.992006638981902
1579,0.009912085167511745,,
1580,0.010016371202827603,0.01030037272721529,19.893746379473576
1581,0.009780078022568315,,
1582,0.009970465537022662,0.009728089906275272,20.166625767816754
1583,0.009906057026927118,,
1584,0.00994635956292903,0.010478492826223373,19.84599352180967
1585,0.009921288410960525,,
1586,0.009831151166171939,0.010663967579603195,19.758628342212727
1587,0.009971136365223813,,
1588,0.009916176622802461,0.009657062590122223,20.28267332510624
1589,0.009970858882836721,,
1590,0.010060167457494471,0.009410867467522621,20.400901814952668
1591,0.010023982850489792,,
1592,0.010083976667374372,0.009398761205375195,20.42044777460115
1593,0.009830113396876387,,
1594,0.010035090907304376,0.009765062481164932,20.172660011432235
1595,0.010016224881703104,,
1596,0.009839897423430725,0.010103636421263218,19.968377734235762
1597,0.010050307579890446,,
1598,0.01009460041920344,0.010136494413018227,19.942861284381127
1599,0.009934139748414358,,
1600,0.009763832893912439,0.009782761335372925,20.144962256589498
1601,0.010067363959495668,,
1602,0.010110182066758474,0.010793836787343025,19.721835497891277
1603,0.009924109921687178,,
1604,0.010006841375595994,0.010014314204454422,19.998840773653725
1605,0.009967568847868178,,
1606,0.010101746785006038,0.009617002680897713,20.239205146346965
1607,0.010124489320097145,,
1608,0.009885756091939079,0.010299785993993282,19.96321882527267
1609,0.010195667234559854,,
1610,0.010159233205572323,0.009434819221496582,20.387618114448184
1611,0.010076043696177227,,
1612,0.00981408742221969,0.009598557837307453,20.278693857839635
1613,0.009818250796309224,,
1614,0.00983264904331278,0.01042249146848917,19.835110758031792
1615,0.009947477443212713,,
1616,0.009858353546372167,0.009976137429475784,20.03517507962769
1617,0.00985651144205972,,
1618,0.009977614386352125,0.009883111342787743,20.062362934833377
1619,0.010001090976099173,,
1620,0.00992719158185301,0.010823195800185204,19.726680041646052
1621,0.009773049865745835,,
1622,0.010127551025814481,0.009669015184044838,20.27708776342311
1623,0.009759752942180192,,
1624,0.009858748220183232,0.010660083964467049,19.762597749994914
1625,0.009868289982141168,,
1626,0.009951258147204364,0.009317511692643166,20.457447137907224
1627,0.010058412328362465,,
1628,0.01003403113120132,0.01114245317876339,19.649024547759073
1629,0.009919907845970657,,
1630,0.009783651110612683,0.010202212259173393,19.938619284540955
1631,0.009916939238017355,,
1632,0.010080532136338728,0.010656483471393585,19.77814825906797
1633,0.009999264238609208,,
1634,0.009953811230068957,0.010294891893863678,19.888872230246267
1635,0.009920409483904088,,
1636,0.010218036326545256,0.009832310490310192,20.08827991261783
1637,0.010157417419745966,,
1638,0.009970628897900935,0.010889284312725067,19.708236142068646
1639,0.009889148624130973,,
1640,0.009730101856230586,0.010897227562963963,19.686975616649576
1641,0.009894608899399086,,
1642,0.009948072972259036,0.010570161044597626,19.781350108074584
1643,0.010033931169244979,,
1644,0.010169384673375774,0.01006295531988144,19.977815305978638
1645,0.009774877224117517,,
1646,0.009913637940944344,0.010558291338384151,19.789979084998052
1647,0.009893994260993268,,
1648,0.010012138962607693,0.009883268736302853,20.064421417100736
1649,0.009834301640728006,,
1650,0.010003691159740643,0.011016969569027424,19.682221655523612
1651,0.01008715977271398,,
1652,0.009976661419151005,0.00988745130598545,20.0713462317491
1653,0.009849780256411544,,
1654,0.009846659549684436,0.010002922266721725,20.014357296810868
1655,0.00994006021776133,,
1656,0.009896546464275431,0.01029490027576685,19.90683173112508
1657,0.009691422339528799,,
1658,0.010258843311695036,0.010374113917350769,19.85170505134902
1659,0.01007306537832375,,
1660,0.010024810675531626,0.010277817957103252,19.917427215274284
1661,0.00988380969674499,,
1662,0.009831438375705923,0.010294163599610329,19.890400956435265
1663,0.010016285986812026,,
1664,0.009919906793921083,0.010397601872682571,19.87763310526705
1665,0.009925654433943608,,
1666,0.009794288021684796,0.009262388572096825,20.517031764203082
1667,0.009801851964935108,,
1668,0.009899417921486828,0.011037388816475868,19.672557526228424
1669,0.009930749872216472,,
1670,0.009924519410425867,0.010102437809109688,19.970173300228517
1671,0.009964931721764582,,
1672,0.010128054698860203,0.010060933418571949,20.016063968098017
1673,0.00985093908039508,,
1674,0.009892335299540448,0.01025316584855318,19.90332972244748
1675,0.010255965611173047,,
1676,0.009731630742963817,0.010044487193226814,20.01354505268583
1677,0.009792908250043789,,
1678,0.010283335215515561,0.01049200538545847,19.830492434362036
1679,0.00972147020338862,,
1680,0.010004414504186975,0.009830768220126629,20.10903680508714
1681,0.009944190115978321,,
1682,0.010143862864761441,0.010523849166929722,19.797430717434544
1683,0.009918500427846555,,
1684,0.009788524342217931,0.010205414146184921,19.92065543362029
1685,0.009828822307840542,,
1686,0.00977095585592367,0.009521657600998878,20.28733742146192
1687,0.010137060708883736,,
1688,0.009789717090488584,0.00961571466177702,20.21913449718416
1689,0.009941883695622286,,
1690,0.010115729213726742,0.00958564504981041,20.372433250934087
1691,0.009990840546648812,,
1692,0.009816909433101062,0.010479701682925224,19.84546334038872
1693,0.009919936216815754,,
1694,0.009855167509091121,0.010348201729357243,19.87228017065122
1695,0.009863172675034514,,
1696,0.009755248169380205,0.01060505211353302,19.813209803169908
1697,0.009783593592820343,,
1698,0.009878887898392148,0.009514247067272663,20.283803788753346
1699,0.009769929866134017,,
1700,0.009763883012864325,0.011535217985510826,19.59091047488242
1701,0.009812264203059452,,
1702,0.009838077619119926,0.010449916124343872,19.839667376417815
1703,0.009896557364198897,,
1704,0.009671264776477107,0.010692344978451729,19.77082703199879
1705,0.010150468408095616,,
1706,0.00981112222911583,0.010548252612352371,19.79954678001509
1707,0.010117211586071385,,
1708,0.009994223282706959,0.01036790944635868,19.887113919740656
1709,0.009963084960839263,,
1710,0.009985757732970847,0.010739370249211788,19.7447898994852
1711,0.009925391352562993,,
1712,0.009880539874925657,0.009398723021149635,20.403627420805
1713,0.009795735210732178,,
1714,0.009908339250142928,0.00981945265084505,20.09133143748361
1715,0.009898058018060747,,
1716,0.009867427870631218,0.009328975342214108,20.48620825465943
1717,0.00989385632177194,,
1718,0.009878108588357767,0.009606226347386837,20.23985697174068
1719,0.010068982684363922,,
1720,0.010087942739051801,0.009684800170361996,20.234104218336036
1721,0.009930625143978331,,
1722,0.009811808579359893,0.009632575325667858,20.215190617497313
1723,0.009966800213549976,,
1724,0.009828145305315653,0.010167457163333893,19.96158183861215
1725,0.009943869999713369,,
1726,0.010031530323127905,0.009535912424325943,20.314461650000844
1727,0.01000336536930667,,
1728,0.010118090720088393,0.009801729582250118,20.12486620038586
1729,0.009860598188997418,,
1730,0.00983502598548377,0.010656088590621948,19.768128973567677
1731,0.010068340399475009,,
1732,0.010041581001132727,0.01119738444685936,19.644455210282295
1733,0.00989583082911041,,
1734,0.009956554388972345,0.009669671766459942,20.224340607303265
1735,0.010152205583397989,,
1736,0.009930140787252673,0.009395778179168701,20.443909558153806
1737,0.009865430131968524,,
1738,0.009963094601752582,0.01035318337380886,19.87794058939884
1739,0.009806642308831215,,
1740,0.009831839258334151,0.009884826838970184,20.092221517398315
1741,0.009909784576545158,,
1742,0.009898562743156045,0.010411569848656654,19.90012466997503
1743,0.010041239861122988,,
1744,0.010051976078776297,0.010329779237508774,19.874673764675524
1745,0.010087187539924073,,
1746,0.010009469171227128,0.010210652835667133,19.939015380514757
1747,0.010130523221084365,,
1748,0.010035982424462284,0.010880844667553902,19.727160496337525
1749,0.009786448872613686,,
1750,0.010062858600307393,0.009477274492383003,20.32780121309813
1751,0.009845729365392967,,
1752,0.010076003183645231,0.010056797415018082,19.978470406115385
1753,0.009933250214628599,,
1754,0.009913798749308896,0.010317410342395306,19.896024316233614
1755,0.009813765891724162,,
1756,0.009734167717397213,0.009890292771160603,20.088137972687115
1757,0.009934565690518529,,
1758,0.009978871775308141,0.009493367746472359,20.314280767523083
1759,0.00977963250544336,,
1760,0.009967848658561707,0.009645271115005016,20.202295705733682
1761,0.009982727519753907,,
1762,0.009730937218086587,0.010264833457767963,19.9012620899667
1763,0.010062946334343266,,
1764,0.009756657846823887,0.009298169985413551,20.48408760130323
1765,0.010095735770408754,,
1766,0.009898484356839347,0.009951429441571236,20.033621040711402
1767,0.00974193801758466,,
1768,0.009830943308770657,0.010529335588216782,19.800794813142183
1769,0.009760931668872083,,
1770,0.010000114225678973,0.01005827821791172,20.00344365779155
1771,0.009954189950669254,,
1772,0.009649283166422887,0.011095589026808739,19.649305899109983
1773,0.009905706383977775,,
1774,0.010170520214294945,0.010232696309685707,19.919530395582584
1775,0.0100457399773101,,
1776,0.009971763110823102,0.009994516149163246,20.028651300253074
1777,0.010050707203508527,,
1778,0.009923431677398857,0.009702395647764206,20.166861058235504
1779,0.010152972303330898,,
1780,0.009916476146490485,0.010455725714564323,19.82595862246176
1781,0.010099809237376408,,
1782,0.009817292551613517,0.009267782792448997,20.52771332674928
1783,0.01010293718772354,,
1784,0.009785768024071499,0.01038471981883049,19.86334038415955
1785,0.009995876880431617,,
1786,0.01005973294377327,0.009892466478049755,20.06101191098224
1787,0.009680551683737172,,
1788,0.010060590157216345,0.01026864442974329,19.900037959558638
1789,0.01015377161955392,,
1790,0.009832270374452626,0.010321257635951042,19.898737941656
1791,0.009977134203331338,,
1792,0.00986173436804502,0.010551003739237785,19.795265724920117
1793,0.009720764398850777,,
1794,0.009945552727138554,0.010782494209706783,19.824606725251993
1795,0.009834655353592502,,
1796,0.00986760059647538,0.011182406917214394,19.66444769009364
1797,0.010158799743900696,,
1798,0.01000057019431282,0.01102905161678791,19.68943558462364
1799,0.009944848302337859,,
1800,0.009748759662249574,0.009743147529661655,20.142908197617963
1801,0.009755263156774972,,
1802,0.009923350566101295,0.009586954489350319,20.318708093966507
1803,0.009954372438153735,,
1804,0.009947521525814577,0.009439890272915363,20.347795945620373
1805,0.009858947195526626,,
1806,0.01012360170069668,0.009687255136668682,20.240594559621677
1807,0.009952955620570315,,
1808,0.009790630269519708,0.009505556896328926,20.37713446750209
1809,0.009953817024964976,,
1810,0.009898795418579269,0.009718945249915123,20.1789824884909
1811,0.009818359726557025,,
1812,0.00989431767138066,0.010022465139627457,20.033157159452593
1813,0.00993683077050028,,
1814,0.010085383775057617,0.009266016073524952,20.495256686763867
1815,0.009836483229365613,,
1816,0.009967133506304689,0.00987845566123724,20.063256008256275
1817,0.010171421096418743,,
1818,0.010008865622458634,0.009585023857653141,20.26257018554121
1819,0.009807042260136869,,
1820,0.009714281617629307,0.00969438161700964,20.19994339105357
1821,0.010012618024592046,,
1822,0.009962563644404765,0.010020561516284943,20.00334294849085
1823,0.00991544375816981,,
1824,0.010049596791052155,0.010478210635483265,19.83699789045064
1825,0.009813871545096239,,
1826,0.009722619765886554,0.011228937655687332,19.625263858709832
1827,0.009795610361767036,,
1828,0.009973128136523344,0.00991753488779068,20.056568960216296
1829,0.009959228302317637,,
1830,0.009765834909760289,0.009429113939404488,20.347674818338625
1831,0.009860959921584086,,
1832,0.00981512025895494,0.009782947599887848,20.164525127352775
1833,0.009691067488381156,,
1834,0.010061077532117014,0.0099794277921319,20.03317471789586
1835,0.010076967533677816,,
1836,0.009929351836304974,0.0098374979570508,20.122483697921346
1837,0.009740408768670427,,
1838,0.009723688337813926,0.010908443480730057,19.69439068996368
1839,0.0099292550822375,,
1840,0.0099237862870925,0.01012374833226204,19.967070136570232
1841,0.009983226846627615,,
1842,0.00996621579138769,0.009370105341076851,20.45635546539802
1843,0.009924553351959697,,
1844,0.009791858718489055,0.010624724440276623,19.768308822883583
1845,0.009782292362716462,,
1846,0.00984580968334167,0.009723720140755177,20.15504736090316
1847,0.009983773998640201,,
1848,0.00985438462898687,0.010785304009914398,19.730883019194263
1849,0.010078592553596806,,
1850,0.00989272010823091,0.01047619991004467,19.84854197788384
1851,0.009801899772827272,,
